{
  "main": {
    "results": {
      "0": {
        "value": 313591.6666666667
      },
      "1": {
        "value": 207781.0
      },
      "2": {
        "value": 201129.0
      },
      "3": {
        "value": 207782.0
      },
      "4": {
        "value": 201129.0
      },
      "5": {
        "value": 207781.0
      },
      "6": {
        "value": 201129.0
      },
      "7": {
        "value": 207781.0
      },
      "8": {
        "value": 201129.0
      },
      "9": {
        "value": 13157.0
      },
      "10": {
        "value": 82.0
      },
      "11": {
        "value": 563.3333333333334
      },
      "12": {
        "value": 2466.0
      }
    },
    "gradient": [
      {
        "stop": 0,
        "bgColor": "#22c55e"
      },
      {
        "stop": 0.5,
        "bgColor": "#eab308"
      },
      {
        "stop": 1,
        "bgColor": "#ef4444"
      }
    ],
    "name": "ARM_PMU_CPU_CYCLES"
  }
}