{
  "main": {
    "results": {
      "0": {
        "value": 292462.6666666667
      },
      "1": {
        "value": 196139.0
      },
      "2": {
        "value": 195051.0
      },
      "3": {
        "value": 196139.0
      },
      "4": {
        "value": 195054.0
      },
      "5": {
        "value": 196139.0
      },
      "6": {
        "value": 195052.0
      },
      "7": {
        "value": 196139.0
      },
      "8": {
        "value": 195053.0
      },
      "9": {
        "value": 13678.0
      },
      "10": {
        "value": 303.0
      },
      "11": {
        "value": 1002.3333333333334
      },
      "12": {
        "value": 1749.0
      }
    },
    "gradient": [
      {
        "stop": 0,
        "bgColor": "#22c55e"
      },
      {
        "stop": 0.5,
        "bgColor": "#eab308"
      },
      {
        "stop": 1,
        "bgColor": "#ef4444"
      }
    ],
    "name": "ARM_PMU_BUS_CYCLES"
  }
}