{
  "main": {
    "results": {
      "0": {
        "value": 36451.0
      },
      "1": {
        "value": 45394.0
      },
      "2": {
        "value": 20712.0
      },
      "3": {
        "value": 45394.0
      },
      "4": {
        "value": 20715.0
      },
      "5": {
        "value": 45405.333333333336
      },
      "6": {
        "value": 20770.333333333332
      },
      "7": {
        "value": 45394.0
      },
      "8": {
        "value": 20714.0
      },
      "9": {
        "value": 4902.0
      },
      "10": {
        "value": 19.0
      },
      "11": {
        "value": 77.66666666666667
      },
      "12": {
        "value": 220.0
      }
    },
    "gradient": [
      {
        "stop": 0,
        "bgColor": "#22c55e"
      },
      {
        "stop": 0.5,
        "bgColor": "#eab308"
      },
      {
        "stop": 1,
        "bgColor": "#ef4444"
      }
    ],
    "name": "ARM_PMU_STALL_BACKEND"
  }
}