{
  "main": {
    "results": {
      "0": {
        "value": 1293.3333333333333
      },
      "1": {
        "value": 5013.333333333333
      },
      "2": {
        "value": 10.0
      },
      "3": {
        "value": 4965.0
      },
      "4": {
        "value": 10.0
      },
      "5": {
        "value": 4965.0
      },
      "6": {
        "value": 10.0
      },
      "7": {
        "value": 4965.0
      },
      "8": {
        "value": 10.0
      },
      "9": {
        "value": 11.0
      },
      "10": {
        "value": 4.666666666666667
      },
      "11": {
        "value": 258.0
      },
      "12": {
        "value": 143.0
      }
    },
    "gradient": [
      {
        "stop": 0,
        "bgColor": "#22c55e"
      },
      {
        "stop": 0.5,
        "bgColor": "#eab308"
      },
      {
        "stop": 1,
        "bgColor": "#ef4444"
      }
    ],
    "name": "ARM_PMU_STALL_FRONTEND"
  }
}