{
  "main": {
    "results": {
      "0": {
        "value": 337879.6666666667
      },
      "1": {
        "value": 206024.33333333334
      },
      "2": {
        "value": 207542.0
      },
      "3": {
        "value": 206011.0
      },
      "4": {
        "value": 207543.0
      },
      "5": {
        "value": 206012.0
      },
      "6": {
        "value": 207556.0
      },
      "7": {
        "value": 206011.0
      },
      "8": {
        "value": 207557.33333333334
      },
      "9": {
        "value": 18299.0
      },
      "10": {
        "value": 317.0
      },
      "11": {
        "value": 987.0
      },
      "12": {
        "value": 2615.0
      }
    },
    "gradient": [
      {
        "stop": 0,
        "bgColor": "#22c55e"
      },
      {
        "stop": 0.5,
        "bgColor": "#eab308"
      },
      {
        "stop": 1,
        "bgColor": "#ef4444"
      }
    ],
    "name": "ARM_PMU_BUS_CYCLES"
  }
}