{
  "main": {
    "results": {
      "0": {
        "value": 207075.0
      },
      "1": {
        "value": 116287.0
      },
      "2": {
        "value": 220169.0
      },
      "3": {
        "value": 116287.0
      },
      "4": {
        "value": 220169.0
      },
      "5": {
        "value": 116287.0
      },
      "6": {
        "value": 220169.33333333334
      },
      "7": {
        "value": 116287.0
      },
      "8": {
        "value": 220169.33333333334
      },
      "9": {
        "value": 12558.0
      },
      "10": {
        "value": 138.0
      },
      "11": {
        "value": 787.0
      },
      "12": {
        "value": 1581.0
      }
    },
    "gradient": [
      {
        "stop": 0,
        "bgColor": "#22c55e"
      },
      {
        "stop": 0.5,
        "bgColor": "#eab308"
      },
      {
        "stop": 1,
        "bgColor": "#ef4444"
      }
    ],
    "name": "ARM_PMU_MEM_ACCESS"
  }
}