{
  "main": {
    "results": {
      "0": {
        "value": 2125.0
      },
      "1": {
        "value": 4012.3333333333335
      },
      "2": {
        "value": 41.0
      },
      "3": {
        "value": 3973.6666666666665
      },
      "4": {
        "value": 41.0
      },
      "5": {
        "value": 3973.3333333333335
      },
      "6": {
        "value": 41.0
      },
      "7": {
        "value": 3973.3333333333335
      },
      "8": {
        "value": 41.0
      },
      "9": {
        "value": 112.0
      },
      "10": {
        "value": 16.0
      },
      "11": {
        "value": 172.66666666666666
      },
      "12": {
        "value": 170.0
      }
    },
    "gradient": [
      {
        "stop": 0,
        "bgColor": "#22c55e"
      },
      {
        "stop": 0.5,
        "bgColor": "#eab308"
      },
      {
        "stop": 1,
        "bgColor": "#ef4444"
      }
    ],
    "name": "ARM_PMU_STALL_FRONTEND"
  }
}