{
  "main": {
    "results": {
      "0": {
        "value": 40656.333333333336
      },
      "1": {
        "value": 41926.0
      },
      "2": {
        "value": 24712.0
      },
      "3": {
        "value": 41936.666666666664
      },
      "4": {
        "value": 24702.0
      },
      "5": {
        "value": 41926.0
      },
      "6": {
        "value": 24734.333333333332
      },
      "7": {
        "value": 41937.666666666664
      },
      "8": {
        "value": 24760.333333333332
      },
      "9": {
        "value": 6714.0
      },
      "10": {
        "value": 16.0
      },
      "11": {
        "value": 87.33333333333333
      },
      "12": {
        "value": 495.6666666666667
      }
    },
    "gradient": [
      {
        "stop": 0,
        "bgColor": "#22c55e"
      },
      {
        "stop": 0.5,
        "bgColor": "#eab308"
      },
      {
        "stop": 1,
        "bgColor": "#ef4444"
      }
    ],
    "name": "ARM_PMU_STALL_BACKEND"
  }
}