{
  "main": {
    "results": {
      "0": {
        "value": 5.333333333333333
      },
      "1": {
        "value": 4.0
      },
      "2": {
        "value": 0.0
      },
      "3": {
        "value": 2.6666666666666665
      },
      "4": {
        "value": 0.0
      },
      "5": {
        "value": 2.6666666666666665
      },
      "6": {
        "value": 1.3333333333333333
      },
      "7": {
        "value": 2.6666666666666665
      },
      "8": {
        "value": 1.3333333333333333
      },
      "9": {
        "value": 4.0
      },
      "10": {
        "value": 0.0
      },
      "11": {
        "value": 0.0
      },
      "12": {
        "value": 1.3333333333333333
      }
    },
    "gradient": [
      {
        "stop": 0,
        "bgColor": "#22c55e"
      },
      {
        "stop": 0.5,
        "bgColor": "#eab308"
      },
      {
        "stop": 1,
        "bgColor": "#ef4444"
      }
    ],
    "name": "ARM_PMU_BUS_ACCESS"
  }
}