{
  "main": {
    "results": {
      "0": {
        "value": 337939.0
      },
      "1": {
        "value": 206049.33333333334
      },
      "2": {
        "value": 207552.66666666666
      },
      "3": {
        "value": 206022.66666666666
      },
      "4": {
        "value": 207543.0
      },
      "5": {
        "value": 206012.0
      },
      "6": {
        "value": 207574.33333333334
      },
      "7": {
        "value": 206023.66666666666
      },
      "8": {
        "value": 207601.33333333334
      },
      "9": {
        "value": 18299.0
      },
      "10": {
        "value": 317.0
      },
      "11": {
        "value": 1145.3333333333333
      },
      "12": {
        "value": 2762.3333333333335
      }
    },
    "gradient": [
      {
        "stop": 0,
        "bgColor": "#22c55e"
      },
      {
        "stop": 0.5,
        "bgColor": "#eab308"
      },
      {
        "stop": 1,
        "bgColor": "#ef4444"
      }
    ],
    "name": "ARM_PMU_CPU_CYCLES"
  }
}